type,size,time,program
ras,2,54.39794921875
ras,4,155.339111328125
ras,6,382.241943359375
ras,8,414.294189453125
ras,10,486.114013671875
ras,12,629.52978515625
ras,14,4753.18896484375
ras,16,40451.406982421875
ras,18,42801.284912109375
ras,20,486320.4069824219
