type,size,time,program
ras,2,137.065185546875
ras,4,164.153076171875
ras,6,403.409912109375
